model,family,windowed,adaptive,seed,mu,T_final,MSE,rel_L2,final_train_loss,mean_phys_residual,train_time_s,params,MAE,max_err,RMSE,windows,omega_0,sigma,mapping_size
Original PINN,Vanilla,False,False,42,0.1,7.2097,7.092e-11,1.007e-05,1.15e-07,1.259e-07,88.9,3265,6.603e-06,1.834e-05,8.421e-06,1,,,
Original PINN,Vanilla,False,False,42,1.0,7.6628,4.781e-10,1.691e-05,5.636e-07,5.867e-07,209.3,3265,1.66e-05,5.51e-05,2.186e-05,1,,,
Original PINN,Vanilla,False,False,42,5.0,13.3541,0.1448,0.2488,0.003163,0.003121,206.3,3265,0.1648,1.983,0.3805,1,,,
Original PINN,Vanilla,False,False,42,10.0,21.9401,3.092,1.081,0.3702,0.258,210.8,3265,1.601,3.023,1.758,1,,,
Window PINN,Vanilla,True,False,42,0.1,7.2097,1.246e-09,4.22e-05,1.694e-08,5.644e-07,118.7,3265,2.963e-05,7.382e-05,3.53e-05,4,,,
Window PINN,Vanilla,True,False,42,1.0,7.6628,7.1e-09,6.516e-05,4.281e-07,7.578e-07,164.9,3265,7.053e-05,0.0001853,8.426e-05,4,,,
Window PINN,Vanilla,True,False,42,5.0,13.3541,1.056e-08,6.718e-05,5.495e-06,1.227e-06,269.1,3265,4.623e-05,0.0006182,0.0001028,7,,,
Window PINN,Vanilla,True,False,42,10.0,21.9401,2.396,0.9519,2.312e-07,3.084,416.7,3265,0.8769,3.504,1.548,11,,,
SIREN PINN,SIREN,True,False,42,0.1,7.2097,9.217e-10,3.63e-05,4.135e-08,2.118e-07,214.0,3265,2.632e-05,4.997e-05,3.036e-05,4,10.0,,
SIREN PINN,SIREN,True,False,42,1.0,7.6628,3.256e-10,1.396e-05,1.284e-07,3.5e-07,218.9,3265,1.438e-05,4.738e-05,1.804e-05,4,10.0,,
SIREN PINN,SIREN,True,False,42,5.0,13.3541,5.224e-08,0.0001494,1.708e-05,5.606e-06,455.0,3265,9.874e-05,0.001128,0.0002286,7,10.0,,
SIREN PINN,SIREN,True,False,42,10.0,21.9401,0.7678,0.5388,4.039,0.3905,659.8,3265,0.3632,2.851,0.8762,11,10.0,,
Fourier Feature PINN,Fourier,True,False,42,0.1,7.2097,1.186e-09,4.118e-05,7.219e-07,8.071e-07,227.9,5281,2.754e-05,7.058e-05,3.444e-05,4,,0.5,32.0
Fourier Feature PINN,Fourier,True,False,42,1.0,7.6628,2.115e-10,1.125e-05,1.596e-06,8.294e-07,249.8,5281,1.161e-05,3.556e-05,1.454e-05,4,,0.5,32.0
Fourier Feature PINN,Fourier,True,False,42,5.0,13.3541,6.886e-08,0.0001716,3.805e-06,2.699e-06,468.2,5281,0.0001256,0.001251,0.0002624,7,,0.5,32.0
Fourier Feature PINN,Fourier,True,False,42,10.0,21.9401,0.6321,0.4889,0.002205,0.5268,697.1,5281,0.291,2.967,0.7951,11,,0.5,32.0
Adaptive Window PINN,Vanilla,True,True,42,0.1,7.2097,4.394e-10,2.506e-05,2.23e-09,1.252e-08,266.7,3265,1.727e-05,3.935e-05,2.096e-05,10,,,
Adaptive Window PINN,Vanilla,True,True,42,1.0,7.6628,3.2e-10,1.383e-05,4.442e-08,9.235e-08,324.2,3265,1.577e-05,3.081e-05,1.789e-05,10,,,
Adaptive Window PINN,Vanilla,True,True,42,5.0,13.3541,2.086e-08,9.444e-05,1.299e-06,9.991e-07,591.6,3265,5.558e-05,0.0009144,0.0001444,12,,,
Adaptive Window PINN,Vanilla,True,True,42,10.0,21.9401,1.75e-06,0.0008134,2.627e-06,4.536e-06,853.3,3265,0.0003028,0.01295,0.001323,15,,,
Adaptive Window PINN,Vanilla,True,True,123,10.0,21.9401,3.081e-06,0.001079,6.539e-06,6.742e-06,845.2,3265,0.0003794,0.01983,0.001755,15,,,
Adaptive Window PINN,Vanilla,True,True,2026,10.0,21.9401,1.89e-06,0.0008454,6.724e-06,2.844e-05,805.6,3265,0.0003234,0.01711,0.001375,15,,,
Adaptive Window PINN,Vanilla,True,True,42,20.0,39.8847,3.072e-06,0.001048,2.243e-07,0.0103,1123.6,3265,0.000581,0.03238,0.001753,21,,,
Adaptive Window PINN,Vanilla,True,True,123,20.0,39.8847,0.0002722,0.009868,2.659e-05,3.347e-05,1163.8,3265,0.001883,0.2959,0.0165,21,,,
Adaptive Window PINN,Vanilla,True,True,2026,20.0,39.8847,5.705e-05,0.004517,9.448e-06,2.089e-05,1090.7,3265,0.0008732,0.1797,0.007553,21,,,
Adaptive Window PINN,Vanilla,True,True,42,30.0,58.1252,3.716e-05,0.003617,2.125e-05,4.669e-05,1383.1,3265,0.0005892,0.2167,0.006096,28,,,
Adaptive Window PINN,Vanilla,True,True,123,30.0,58.1252,4.431e-05,0.00395,5.921e-07,0.000796,1599.9,3265,0.0005516,0.2128,0.006656,28,,,
Adaptive Window PINN,Vanilla,True,True,2026,30.0,58.1252,4.25e-05,0.003868,5.568e-05,2.243e-05,1528.1,3265,0.0004856,0.2293,0.006519,28,,,
Adaptive Window PINN,Vanilla,True,True,42,40.0,76.4766,2.595,0.9525,4.41e-05,1074.0,1989.8,3265,0.9209,4.0,1.611,33,,,
Adaptive Window PINN,Vanilla,True,True,123,40.0,76.4766,0.000468,0.01279,1.174e-06,0.3172,1657.0,3265,0.002834,0.7316,0.02163,33,,,
Adaptive Window PINN,Vanilla,True,True,2026,40.0,76.4766,0.0007315,0.01599,4.305e-07,0.06302,2067.6,3265,0.00145,1.093,0.02705,33,,,
Adaptive Window PINN,Vanilla,True,True,42,50.0,94.8846,1.205,0.6477,434.0,136.4,2138.1,3265,0.5127,3.398,1.098,39,,,
Adaptive Window PINN,Vanilla,True,True,123,50.0,94.8846,1.737,0.7776,0.2046,9.534,2382.7,3265,0.6968,3.339,1.318,39,,,
Adaptive Window PINN,Vanilla,True,True,2026,50.0,94.8846,2.519,0.9365,0.2412,438.3,2634.9,3265,0.987,3.934,1.587,39,,,
Adaptive SIREN PINN,SIREN,True,True,42,0.1,7.2097,4.464e-10,2.526e-05,1.126e-08,4.154e-08,466.9,3265,1.686e-05,3.414e-05,2.113e-05,10,,,
Adaptive SIREN PINN,SIREN,True,True,42,1.0,7.6628,8.929e-10,2.311e-05,1.637e-08,2.3e-07,440.0,3265,1.845e-05,8.829e-05,2.988e-05,10,,,
Adaptive SIREN PINN,SIREN,True,True,42,5.0,13.3541,3.054e-08,0.0001143,2.597e-07,4.449e-06,701.6,3265,6.58e-05,0.001102,0.0001748,12,,,
Adaptive SIREN PINN,SIREN,True,True,42,10.0,21.9401,1.255e-06,0.0006888,0.0002646,0.0003008,1197.3,3265,0.000224,0.01457,0.00112,15,,,
Adaptive SIREN PINN,SIREN,True,True,123,10.0,21.9401,2.2e-05,0.002884,0.0001823,0.0002364,1254.7,3265,0.00115,0.05479,0.00469,15,,,
Adaptive SIREN PINN,SIREN,True,True,2026,10.0,21.9401,0.002797,0.03252,9.584e-05,0.02909,1238.9,3265,0.01367,0.5021,0.05289,15,,,
Adaptive SIREN PINN,SIREN,True,True,42,20.0,39.8847,0.02724,0.09872,8.029e-08,16.91,1535.1,3265,0.08,2.17,0.1651,21,,,
Adaptive SIREN PINN,SIREN,True,True,123,20.0,39.8847,0.04211,0.1227,8.913e-08,32.55,1833.6,3265,0.08319,2.637,0.2052,21,,,
Adaptive SIREN PINN,SIREN,True,True,2026,20.0,39.8847,4.902,1.324,5.197e-07,62.77,1854.5,3265,1.749,3.925,2.214,21,,,
Adaptive SIREN PINN,SIREN,True,True,42,30.0,58.1252,3.16,1.055,238.6,453.1,1987.6,3265,1.161,3.613,1.778,28,,,
Adaptive SIREN PINN,SIREN,True,True,123,30.0,58.1252,0.8977,0.5622,0.002049,300.6,2387.9,3265,0.3856,3.214,0.9475,28,,,
Adaptive SIREN PINN,SIREN,True,True,2026,30.0,58.1252,4.599,1.273,5.241e-07,977.6,2009.9,3265,1.609,3.761,2.145,28,,,
Adaptive SIREN PINN,SIREN,True,True,42,40.0,76.4766,5.935,1.44,0.2632,184.2,2893.3,3265,2.012,3.967,2.436,33,,,
Adaptive SIREN PINN,SIREN,True,True,123,40.0,76.4766,7.818,1.653,8.382e-09,578.4,1579.4,3265,2.29,4.621,2.796,33,,,
Adaptive SIREN PINN,SIREN,True,True,2026,40.0,76.4766,7.465,1.615,1.311e-06,1.182e-05,1554.2,3265,2.213,4.548,2.732,33,,,
Adaptive SIREN PINN,SIREN,True,True,42,50.0,94.8846,199.3,8.33,3.996e-05,519300000.0,3494.1,3265,10.6,20.66,14.12,39,,,
Adaptive SIREN PINN,SIREN,True,True,123,50.0,94.8846,6.444,1.498,8.615e-08,670.3,1838.8,3265,2.028,4.324,2.539,39,,,
Adaptive SIREN PINN,SIREN,True,True,2026,50.0,94.8846,0.08629,0.1733,0.000143,40.3,3639.5,3265,0.22,1.818,0.2937,39,,,
Adaptive Fourier Feature PINN,Fourier,True,True,42,0.1,7.2097,5.449e-10,2.791e-05,3.947e-09,7.192e-08,418.1,5281,1.885e-05,4.472e-05,2.334e-05,10,,0.5,32.0
Adaptive Fourier Feature PINN,Fourier,True,True,42,1.0,7.6628,1.074e-09,2.535e-05,1.039e-07,1.314e-07,687.9,5281,2.659e-05,7.57e-05,3.277e-05,10,,0.5,32.0
Adaptive Fourier Feature PINN,Fourier,True,True,42,5.0,13.3541,2.857e-08,0.0001105,9.349e-07,2.524e-06,864.2,5281,7.544e-05,0.0009601,0.000169,12,,0.5,32.0
Adaptive Fourier Feature PINN,Fourier,True,True,42,10.0,21.9401,3.681e-06,0.00118,1.853e-05,1.362e-05,1114.4,5281,0.0004579,0.01817,0.001919,15,,0.5,32.0
Adaptive Fourier Feature PINN,Fourier,True,True,123,10.0,,7.908e-06,0.001729,6.018e-06,4.399e-05,1091.8,5281,0.0006606,0.02707,0.002812,15,,0.5,32.0
Adaptive Fourier Feature PINN,Fourier,True,True,2026,10.0,,2.702e-06,0.001011,8.036e-06,1.268e-05,1174.4,5281,0.0003773,0.01988,0.001644,15,,0.5,32.0
Adaptive Fourier Feature PINN,Fourier,True,True,42,20.0,39.8847,0.0002304,0.009078,3.168e-06,1.25e-05,1479.1,5281,0.001707,0.3534,0.01518,21,,0.5,32.0
Adaptive Fourier Feature PINN,Fourier,True,True,123,20.0,,0.0005022,0.0134,3.995e-06,6.732e-05,1525.8,5281,0.002478,0.5243,0.02241,21,,0.5,32.0
Adaptive Fourier Feature PINN,Fourier,True,True,2026,20.0,,0.000247,0.0094,3.577e-06,3.839e-05,1531.6,5281,0.001921,0.3469,0.01572,21,,0.5,32.0
Adaptive Fourier Feature PINN,Fourier,True,True,42,30.0,58.1252,7.913,1.669,7.15e-06,6.29,2647.0,5281,2.49,4.159,2.813,28,,0.5,32.0
Adaptive Fourier Feature PINN,Fourier,True,True,123,30.0,,1.508,0.7286,1251.0,35.63,3006.2,5281,0.5454,3.875,1.228,28,,0.5,32.0
Adaptive Fourier Feature PINN,Fourier,True,True,2026,30.0,,8.089,1.688,0.5773,2717.0,3843.4,5281,2.627,3.886,2.844,28,,0.5,32.0
Adaptive Fourier Feature PINN,Fourier,True,True,42,40.0,76.4766,9.892,1.86,2.028e-06,311.0,2453.3,5281,2.972,4.011,3.145,33,,0.5,32.0
Adaptive Fourier Feature PINN,Fourier,True,True,123,40.0,,4.974,1.319,0.0001569,461.9,2886.5,5281,1.644,3.965,2.23,33,,0.5,32.0
Adaptive Fourier Feature PINN,Fourier,True,True,2026,40.0,,3.356,1.083,1.172e-05,285.4,2929.2,5281,1.369,3.533,1.832,33,,0.5,32.0
Adaptive Fourier Feature PINN,Fourier,True,True,42,50.0,94.8846,5.145,1.338,7.445e-07,514.1,3416.4,5281,1.735,3.997,2.268,39,,0.5,32.0
Adaptive Fourier Feature PINN,Fourier,True,True,123,50.0,,7.584,1.625,5.88e-06,50.1,3384.1,5281,2.38,4.005,2.754,39,,0.5,32.0
Adaptive Fourier Feature PINN,Fourier,True,True,2026,50.0,,8.86,1.756,1.27e-05,1202.0,5098.7,5281,2.726,4.12,2.977,39,,0.5,32.0
